id;name;picture;picture_content_type;birthday;sign;main;user_id
1;evolve deposit asynchronous;../fake-data/blob/hipster.png;image/png;2021-09-13T09:51:03;state Camiseta Communications;true;Chapéu
2;ADP bypass HDD;../fake-data/blob/hipster.png;image/png;2021-09-12T18:00:14;Vision-oriented;false;bottom-line Aço
3;circuit;../fake-data/blob/hipster.png;image/png;2021-09-13T00:36:38;Chade;true;Director harness
4;Madeira Industrial;../fake-data/blob/hipster.png;image/png;2021-09-13T12:06:42;web-readiness Granito panel;false;optical Sapatos
5;payment Riel;../fake-data/blob/hipster.png;image/png;2021-09-12T22:27:40;Esportes;true;Monitored
6;Frango synthesizing;../fake-data/blob/hipster.png;image/png;2021-09-13T11:22:17;SDR Cambridgeshire Monitored;true;enterprise artificial pele
7;connect;../fake-data/blob/hipster.png;image/png;2021-09-13T12:09:18;backing;false;Concreto moratorium extend
8;Roupas;../fake-data/blob/hipster.png;image/png;2021-09-12T18:47:09;Camiseta;true;coral seamless compelling
9;Bahia Saúde;../fake-data/blob/hipster.png;image/png;2021-09-12T23:03:10;Account Manager;true;functionalities Grosso Ferramentas
10;Ameliorated;../fake-data/blob/hipster.png;image/png;2021-09-13T10:33:54;bottom-line;false;index
